"ProjectID","OrganizationID","ProjectName","ProjectCommonName","OperatingStartDate","OperatingEndDate","ContinuumProject","ProjectType","ResidentialAffiliation","TrackingMethod","TargetPopulation","VictimServicesProvider","HousingType","PITCount","DateCreated","DateUpdated","UserID","DateDeleted","ExportID"
"2","1","Emergency Shelter - Night-by-Night ","","2000-01-01","","1","1","","3","4","0","1","","2000-01-01 00:00:00","2000-01-01 00:00:00","","","1009"
"3","1","Emergency Shelter - Entry/Exit Date","","2000-01-01","","1","1","","0","4","0","2","","2000-01-01 00:00:00","2000-01-01 00:00:00","","","1009"
"4","1","Transitional Housing","","2000-01-01","","1","2","","","4","0","1","","2000-01-01 00:00:00","2000-01-01 00:00:00","","","1009"
"5","1","RRH","","2000-01-01","","1","13","","","4","0","3","","2000-01-01 00:00:00","2000-01-01 00:00:00","","","1009"
"6","1","Permanent Supportive Housing","","2000-01-01","","1","3","","","4","0","3","","2000-01-01 00:00:00","2000-01-01 00:00:00","","","1009"
